<keymap version="1" name="Default copy" parent="$default">
  <action id="$Redo">
    <keyboard-shortcut first-keystroke="ctrl y" />
  </action>
  <action id="ActivateLogcatToolWindow">
    <keyboard-shortcut first-keystroke="alt 6" />
  </action>
  <action id="ActivateTODOToolWindow" />
  <action id="Back">
    <keyboard-shortcut first-keystroke="alt left" />
    <mouse-shortcut keystroke="button5" />
  </action>
  <action id="CIDR.Lang.Cpp.GenerateDefinitions" />
  <action id="CIDR.Lang.ObjC.IntroduceProperty" />
  <action id="ChangesView.Diff" />
  <action id="Compare.SameVersion">
    <keyboard-shortcut first-keystroke="ctrl alt left" />
  </action>
  <action id="CompareTwoFiles" />
  <action id="Console.History.Browse" />
  <action id="ContextHelp" />
  <action id="CopyAbsolutePath" />
  <action id="CopyPaths">
    <keyboard-shortcut first-keystroke="shift ctrl p" />
  </action>
  <action id="Diff.NextChange" />
  <action id="Diff.PrevChange" />
  <action id="Diff.ShowDiff" />
  <action id="Diff.ShowSettingsPopup" />
  <action id="Editor Redo">
    <keyboard-shortcut first-keystroke="ctrl y" />
  </action>
  <action id="EditorDeleteLine">
    <keyboard-shortcut first-keystroke="ctrl d" />
  </action>
  <action id="EditorDuplicate" />
  <action id="ExpressionTypeInfo" />
  <action id="FileChooser.GotoDesktop" />
  <action id="FileChooser.TogglePathShowing" />
  <action id="FindInPath">
    <keyboard-shortcut first-keystroke="shift ctrl f" />
    <keyboard-shortcut first-keystroke="shift ctrl s" />
  </action>
  <action id="FindNext">
    <keyboard-shortcut first-keystroke="ctrl l" />
  </action>
  <action id="FindUsages">
    <keyboard-shortcut first-keystroke="ctrl g" />
  </action>
  <action id="FixDocComment">
    <keyboard-shortcut first-keystroke="ctrl alt slash" />
  </action>
  <action id="Forward">
    <keyboard-shortcut first-keystroke="alt right" />
    <mouse-shortcut keystroke="button4" />
  </action>
  <action id="GotoImplementation">
    <mouse-shortcut keystroke="control alt button1" />
    <keyboard-shortcut first-keystroke="ctrl t" />
  </action>
  <action id="GotoLine" />
  <action id="GotoNextError">
    <keyboard-shortcut first-keystroke="f3" />
  </action>
  <action id="IntroduceProperty" />
  <action id="MarkdownNavigator.ToggleSplitLayoutChange" />
  <action id="NextTab">
    <keyboard-shortcut first-keystroke="ctrl alt right" />
  </action>
  <action id="PreviousTab" />
  <action id="RenameElement">
    <keyboard-shortcut first-keystroke="f2" />
  </action>
  <action id="RenameFile">
    <keyboard-shortcut first-keystroke="f2" />
  </action>
  <action id="RevealIn">
    <keyboard-shortcut first-keystroke="ctrl alt e" />
  </action>
  <action id="RunDashboard.CopyConfiguration" />
  <action id="SendEOF" />
  <action id="ShowFilterPopup" />
  <action id="ToggleFindInSelection" />
  <action id="UpdateRunningApplication" />
  <action id="Vcs.Push" />
  <action id="Vcs.UpdateProject" />
  <action id="XDebugger.CopyWatch" />
  <action id="android.deploy.ApplyChanges">
    <keyboard-shortcut first-keystroke="ctrl f10" />
  </action>
  <action id="android.deploy.CodeSwap">
    <keyboard-shortcut first-keystroke="ctrl alt f10" />
  </action>
  <action id="editRunConfigurations">
    <keyboard-shortcut first-keystroke="shift ctrl d" />
  </action>
  <action id="openAssertEqualsDiff" />
</keymap>