<application>
  <component name="CodeInsightSettings">
    <option name="completionCaseSensitive" value="2" />
    <option name="COMPLETION_CASE_SENSITIVE" value="2" />
    <EXCLUDED_PACKAGE NAME="androidx.constraintlayout.solver.PriorityGoalRow" />
  </component>
  <component name="DefaultFont">
    <option name="FONT_SIZE" value="18" />
    <option name="FONT_REGULAR_SUB_FAMILY" value="Regular" />
    <option name="FONT_BOLD_SUB_FAMILY" value="Bold" />
  </component>
  <component name="EditorSettings">
    <option name="USE_SOFT_WRAPS" value="MAIN_EDITOR:CONSOLE" />
    <option name="SOFT_WRAP_FILE_MASKS" value="*.md; *.txt; *.rst; *.adoc" />
  </component>
  <component name="JetEditorOptions">
    <option name="donTShowConversionDialog" value="true" />
  </component>
</application>