<application>
  <component name="FileTypeManager" version="18">
    <extensionMap>
      <mapping ext="srcjar" type="ARCHIVE" />
      <mapping ext="gradle.kts" type="Kotlin" />
      <mapping ext="main.kts" type="Kotlin" />
      <mapping ext="mp4" type="Native" />
      <mapping pattern="项目开发过程简记.md" type="PLAIN_TEXT" />
      <mapping ext="tnnproto" type="PLAIN_TEXT" />
      <mapping ext="values" type="PLAIN_TEXT" />
      <removed_mapping ext="apk" approved="true" type="ARCHIVE" />
      <removed_mapping ext="psd" approved="true" type="Image" />
    </extensionMap>
  </component>
</application>