<application>
  <component name="ProjectJdkTable">
    <jdk version="2">
      <name value="1.8" />
      <type value="JavaSDK" />
      <version value="version 11.0.12" />
      <homePath value="$APPLICATION_HOME_DIR$/jre" />
      <roots>
        <annotationsPath>
          <root type="composite">
            <root url="jar://$APPLICATION_HOME_DIR$/plugins/java/lib/jdkAnnotations.jar!/" type="simple" />
          </root>
        </annotationsPath>
        <classPath>
          <root type="composite">
            <root url="jrt:///snap/android-studio/121/android-studio/jre!/java.base" type="simple" />
            <root url="jrt:///snap/android-studio/121/android-studio/jre!/java.compiler" type="simple" />
            <root url="jrt:///snap/android-studio/121/android-studio/jre!/java.datatransfer" type="simple" />
            <root url="jrt:///snap/android-studio/121/android-studio/jre!/java.desktop" type="simple" />
            <root url="jrt:///snap/android-studio/121/android-studio/jre!/java.instrument" type="simple" />
            <root url="jrt:///snap/android-studio/121/android-studio/jre!/java.logging" type="simple" />
            <root url="jrt:///snap/android-studio/121/android-studio/jre!/java.management" type="simple" />
            <root url="jrt:///snap/android-studio/121/android-studio/jre!/java.management.rmi" type="simple" />
            <root url="jrt:///snap/android-studio/121/android-studio/jre!/java.naming" type="simple" />
            <root url="jrt:///snap/android-studio/121/android-studio/jre!/java.net.http" type="simple" />
            <root url="jrt:///snap/android-studio/121/android-studio/jre!/java.prefs" type="simple" />
            <root url="jrt:///snap/android-studio/121/android-studio/jre!/java.rmi" type="simple" />
            <root url="jrt:///snap/android-studio/121/android-studio/jre!/java.scripting" type="simple" />
            <root url="jrt:///snap/android-studio/121/android-studio/jre!/java.se" type="simple" />
            <root url="jrt:///snap/android-studio/121/android-studio/jre!/java.security.jgss" type="simple" />
            <root url="jrt:///snap/android-studio/121/android-studio/jre!/java.security.sasl" type="simple" />
            <root url="jrt:///snap/android-studio/121/android-studio/jre!/java.smartcardio" type="simple" />
            <root url="jrt:///snap/android-studio/121/android-studio/jre!/java.sql" type="simple" />
            <root url="jrt:///snap/android-studio/121/android-studio/jre!/java.sql.rowset" type="simple" />
            <root url="jrt:///snap/android-studio/121/android-studio/jre!/java.transaction.xa" type="simple" />
            <root url="jrt:///snap/android-studio/121/android-studio/jre!/java.xml" type="simple" />
            <root url="jrt:///snap/android-studio/121/android-studio/jre!/java.xml.crypto" type="simple" />
            <root url="jrt:///snap/android-studio/121/android-studio/jre!/jdk.accessibility" type="simple" />
            <root url="jrt:///snap/android-studio/121/android-studio/jre!/jdk.aot" type="simple" />
            <root url="jrt:///snap/android-studio/121/android-studio/jre!/jdk.attach" type="simple" />
            <root url="jrt:///snap/android-studio/121/android-studio/jre!/jdk.charsets" type="simple" />
            <root url="jrt:///snap/android-studio/121/android-studio/jre!/jdk.compiler" type="simple" />
            <root url="jrt:///snap/android-studio/121/android-studio/jre!/jdk.crypto.cryptoki" type="simple" />
            <root url="jrt:///snap/android-studio/121/android-studio/jre!/jdk.crypto.ec" type="simple" />
            <root url="jrt:///snap/android-studio/121/android-studio/jre!/jdk.dynalink" type="simple" />
            <root url="jrt:///snap/android-studio/121/android-studio/jre!/jdk.hotspot.agent" type="simple" />
            <root url="jrt:///snap/android-studio/121/android-studio/jre!/jdk.httpserver" type="simple" />
            <root url="jrt:///snap/android-studio/121/android-studio/jre!/jdk.internal.ed" type="simple" />
            <root url="jrt:///snap/android-studio/121/android-studio/jre!/jdk.internal.jvmstat" type="simple" />
            <root url="jrt:///snap/android-studio/121/android-studio/jre!/jdk.internal.le" type="simple" />
            <root url="jrt:///snap/android-studio/121/android-studio/jre!/jdk.internal.opt" type="simple" />
            <root url="jrt:///snap/android-studio/121/android-studio/jre!/jdk.internal.vm.ci" type="simple" />
            <root url="jrt:///snap/android-studio/121/android-studio/jre!/jdk.internal.vm.compiler" type="simple" />
            <root url="jrt:///snap/android-studio/121/android-studio/jre!/jdk.internal.vm.compiler.management" type="simple" />
            <root url="jrt:///snap/android-studio/121/android-studio/jre!/jdk.jartool" type="simple" />
            <root url="jrt:///snap/android-studio/121/android-studio/jre!/jdk.javadoc" type="simple" />
            <root url="jrt:///snap/android-studio/121/android-studio/jre!/jdk.jdeps" type="simple" />
            <root url="jrt:///snap/android-studio/121/android-studio/jre!/jdk.jdi" type="simple" />
            <root url="jrt:///snap/android-studio/121/android-studio/jre!/jdk.jdwp.agent" type="simple" />
            <root url="jrt:///snap/android-studio/121/android-studio/jre!/jdk.jfr" type="simple" />
            <root url="jrt:///snap/android-studio/121/android-studio/jre!/jdk.jlink" type="simple" />
            <root url="jrt:///snap/android-studio/121/android-studio/jre!/jdk.jsobject" type="simple" />
            <root url="jrt:///snap/android-studio/121/android-studio/jre!/jdk.localedata" type="simple" />
            <root url="jrt:///snap/android-studio/121/android-studio/jre!/jdk.management" type="simple" />
            <root url="jrt:///snap/android-studio/121/android-studio/jre!/jdk.management.agent" type="simple" />
            <root url="jrt:///snap/android-studio/121/android-studio/jre!/jdk.management.jfr" type="simple" />
            <root url="jrt:///snap/android-studio/121/android-studio/jre!/jdk.naming.dns" type="simple" />
            <root url="jrt:///snap/android-studio/121/android-studio/jre!/jdk.naming.rmi" type="simple" />
            <root url="jrt:///snap/android-studio/121/android-studio/jre!/jdk.net" type="simple" />
            <root url="jrt:///snap/android-studio/121/android-studio/jre!/jdk.pack" type="simple" />
            <root url="jrt:///snap/android-studio/121/android-studio/jre!/jdk.scripting.nashorn" type="simple" />
            <root url="jrt:///snap/android-studio/121/android-studio/jre!/jdk.scripting.nashorn.shell" type="simple" />
            <root url="jrt:///snap/android-studio/121/android-studio/jre!/jdk.sctp" type="simple" />
            <root url="jrt:///snap/android-studio/121/android-studio/jre!/jdk.security.auth" type="simple" />
            <root url="jrt:///snap/android-studio/121/android-studio/jre!/jdk.security.jgss" type="simple" />
            <root url="jrt:///snap/android-studio/121/android-studio/jre!/jdk.unsupported" type="simple" />
            <root url="jrt:///snap/android-studio/121/android-studio/jre!/jdk.xml.dom" type="simple" />
            <root url="jrt:///snap/android-studio/121/android-studio/jre!/jdk.zipfs" type="simple" />
          </root>
        </classPath>
        <javadocPath>
          <root type="composite" />
        </javadocPath>
        <sourcePath>
          <root type="composite" />
        </sourcePath>
      </roots>
      <additional />
    </jdk>
    <jdk version="2">
      <name value="11" />
      <type value="JavaSDK" />
      <version value="version 11.0.12" />
      <homePath value="$APPLICATION_HOME_DIR$/jre" />
      <roots>
        <annotationsPath>
          <root type="composite">
            <root url="jar://$APPLICATION_HOME_DIR$/plugins/java/lib/jdkAnnotations.jar!/" type="simple" />
          </root>
        </annotationsPath>
        <classPath>
          <root type="composite">
            <root url="jrt:///snap/android-studio/123/android-studio/jre!/java.base" type="simple" />
            <root url="jrt:///snap/android-studio/123/android-studio/jre!/java.compiler" type="simple" />
            <root url="jrt:///snap/android-studio/123/android-studio/jre!/java.datatransfer" type="simple" />
            <root url="jrt:///snap/android-studio/123/android-studio/jre!/java.desktop" type="simple" />
            <root url="jrt:///snap/android-studio/123/android-studio/jre!/java.instrument" type="simple" />
            <root url="jrt:///snap/android-studio/123/android-studio/jre!/java.logging" type="simple" />
            <root url="jrt:///snap/android-studio/123/android-studio/jre!/java.management" type="simple" />
            <root url="jrt:///snap/android-studio/123/android-studio/jre!/java.management.rmi" type="simple" />
            <root url="jrt:///snap/android-studio/123/android-studio/jre!/java.naming" type="simple" />
            <root url="jrt:///snap/android-studio/123/android-studio/jre!/java.net.http" type="simple" />
            <root url="jrt:///snap/android-studio/123/android-studio/jre!/java.prefs" type="simple" />
            <root url="jrt:///snap/android-studio/123/android-studio/jre!/java.rmi" type="simple" />
            <root url="jrt:///snap/android-studio/123/android-studio/jre!/java.scripting" type="simple" />
            <root url="jrt:///snap/android-studio/123/android-studio/jre!/java.se" type="simple" />
            <root url="jrt:///snap/android-studio/123/android-studio/jre!/java.security.jgss" type="simple" />
            <root url="jrt:///snap/android-studio/123/android-studio/jre!/java.security.sasl" type="simple" />
            <root url="jrt:///snap/android-studio/123/android-studio/jre!/java.smartcardio" type="simple" />
            <root url="jrt:///snap/android-studio/123/android-studio/jre!/java.sql" type="simple" />
            <root url="jrt:///snap/android-studio/123/android-studio/jre!/java.sql.rowset" type="simple" />
            <root url="jrt:///snap/android-studio/123/android-studio/jre!/java.transaction.xa" type="simple" />
            <root url="jrt:///snap/android-studio/123/android-studio/jre!/java.xml" type="simple" />
            <root url="jrt:///snap/android-studio/123/android-studio/jre!/java.xml.crypto" type="simple" />
            <root url="jrt:///snap/android-studio/123/android-studio/jre!/jdk.accessibility" type="simple" />
            <root url="jrt:///snap/android-studio/123/android-studio/jre!/jdk.aot" type="simple" />
            <root url="jrt:///snap/android-studio/123/android-studio/jre!/jdk.attach" type="simple" />
            <root url="jrt:///snap/android-studio/123/android-studio/jre!/jdk.charsets" type="simple" />
            <root url="jrt:///snap/android-studio/123/android-studio/jre!/jdk.compiler" type="simple" />
            <root url="jrt:///snap/android-studio/123/android-studio/jre!/jdk.crypto.cryptoki" type="simple" />
            <root url="jrt:///snap/android-studio/123/android-studio/jre!/jdk.crypto.ec" type="simple" />
            <root url="jrt:///snap/android-studio/123/android-studio/jre!/jdk.dynalink" type="simple" />
            <root url="jrt:///snap/android-studio/123/android-studio/jre!/jdk.hotspot.agent" type="simple" />
            <root url="jrt:///snap/android-studio/123/android-studio/jre!/jdk.httpserver" type="simple" />
            <root url="jrt:///snap/android-studio/123/android-studio/jre!/jdk.internal.ed" type="simple" />
            <root url="jrt:///snap/android-studio/123/android-studio/jre!/jdk.internal.jvmstat" type="simple" />
            <root url="jrt:///snap/android-studio/123/android-studio/jre!/jdk.internal.le" type="simple" />
            <root url="jrt:///snap/android-studio/123/android-studio/jre!/jdk.internal.opt" type="simple" />
            <root url="jrt:///snap/android-studio/123/android-studio/jre!/jdk.internal.vm.ci" type="simple" />
            <root url="jrt:///snap/android-studio/123/android-studio/jre!/jdk.internal.vm.compiler" type="simple" />
            <root url="jrt:///snap/android-studio/123/android-studio/jre!/jdk.internal.vm.compiler.management" type="simple" />
            <root url="jrt:///snap/android-studio/123/android-studio/jre!/jdk.jartool" type="simple" />
            <root url="jrt:///snap/android-studio/123/android-studio/jre!/jdk.javadoc" type="simple" />
            <root url="jrt:///snap/android-studio/123/android-studio/jre!/jdk.jdeps" type="simple" />
            <root url="jrt:///snap/android-studio/123/android-studio/jre!/jdk.jdi" type="simple" />
            <root url="jrt:///snap/android-studio/123/android-studio/jre!/jdk.jdwp.agent" type="simple" />
            <root url="jrt:///snap/android-studio/123/android-studio/jre!/jdk.jfr" type="simple" />
            <root url="jrt:///snap/android-studio/123/android-studio/jre!/jdk.jlink" type="simple" />
            <root url="jrt:///snap/android-studio/123/android-studio/jre!/jdk.jsobject" type="simple" />
            <root url="jrt:///snap/android-studio/123/android-studio/jre!/jdk.localedata" type="simple" />
            <root url="jrt:///snap/android-studio/123/android-studio/jre!/jdk.management" type="simple" />
            <root url="jrt:///snap/android-studio/123/android-studio/jre!/jdk.management.agent" type="simple" />
            <root url="jrt:///snap/android-studio/123/android-studio/jre!/jdk.management.jfr" type="simple" />
            <root url="jrt:///snap/android-studio/123/android-studio/jre!/jdk.naming.dns" type="simple" />
            <root url="jrt:///snap/android-studio/123/android-studio/jre!/jdk.naming.rmi" type="simple" />
            <root url="jrt:///snap/android-studio/123/android-studio/jre!/jdk.net" type="simple" />
            <root url="jrt:///snap/android-studio/123/android-studio/jre!/jdk.pack" type="simple" />
            <root url="jrt:///snap/android-studio/123/android-studio/jre!/jdk.scripting.nashorn" type="simple" />
            <root url="jrt:///snap/android-studio/123/android-studio/jre!/jdk.scripting.nashorn.shell" type="simple" />
            <root url="jrt:///snap/android-studio/123/android-studio/jre!/jdk.sctp" type="simple" />
            <root url="jrt:///snap/android-studio/123/android-studio/jre!/jdk.security.auth" type="simple" />
            <root url="jrt:///snap/android-studio/123/android-studio/jre!/jdk.security.jgss" type="simple" />
            <root url="jrt:///snap/android-studio/123/android-studio/jre!/jdk.unsupported" type="simple" />
            <root url="jrt:///snap/android-studio/123/android-studio/jre!/jdk.xml.dom" type="simple" />
            <root url="jrt:///snap/android-studio/123/android-studio/jre!/jdk.zipfs" type="simple" />
          </root>
        </classPath>
        <javadocPath>
          <root type="composite" />
        </javadocPath>
        <sourcePath>
          <root type="composite" />
        </sourcePath>
      </roots>
      <additional />
    </jdk>
    <jdk version="2">
      <name value="Embedded JDK" />
      <type value="JavaSDK" />
      <version value="version 11.0.12" />
      <homePath value="$APPLICATION_HOME_DIR$/jre" />
      <roots>
        <annotationsPath>
          <root type="composite">
            <root url="jar://$APPLICATION_HOME_DIR$/plugins/java/lib/jdkAnnotations.jar!/" type="simple" />
          </root>
        </annotationsPath>
        <classPath>
          <root type="composite">
            <root url="jrt:///snap/android-studio/121/android-studio/jre!/java.base" type="simple" />
            <root url="jrt:///snap/android-studio/121/android-studio/jre!/java.compiler" type="simple" />
            <root url="jrt:///snap/android-studio/121/android-studio/jre!/java.datatransfer" type="simple" />
            <root url="jrt:///snap/android-studio/121/android-studio/jre!/java.desktop" type="simple" />
            <root url="jrt:///snap/android-studio/121/android-studio/jre!/java.instrument" type="simple" />
            <root url="jrt:///snap/android-studio/121/android-studio/jre!/java.logging" type="simple" />
            <root url="jrt:///snap/android-studio/121/android-studio/jre!/java.management" type="simple" />
            <root url="jrt:///snap/android-studio/121/android-studio/jre!/java.management.rmi" type="simple" />
            <root url="jrt:///snap/android-studio/121/android-studio/jre!/java.naming" type="simple" />
            <root url="jrt:///snap/android-studio/121/android-studio/jre!/java.net.http" type="simple" />
            <root url="jrt:///snap/android-studio/121/android-studio/jre!/java.prefs" type="simple" />
            <root url="jrt:///snap/android-studio/121/android-studio/jre!/java.rmi" type="simple" />
            <root url="jrt:///snap/android-studio/121/android-studio/jre!/java.scripting" type="simple" />
            <root url="jrt:///snap/android-studio/121/android-studio/jre!/java.se" type="simple" />
            <root url="jrt:///snap/android-studio/121/android-studio/jre!/java.security.jgss" type="simple" />
            <root url="jrt:///snap/android-studio/121/android-studio/jre!/java.security.sasl" type="simple" />
            <root url="jrt:///snap/android-studio/121/android-studio/jre!/java.smartcardio" type="simple" />
            <root url="jrt:///snap/android-studio/121/android-studio/jre!/java.sql" type="simple" />
            <root url="jrt:///snap/android-studio/121/android-studio/jre!/java.sql.rowset" type="simple" />
            <root url="jrt:///snap/android-studio/121/android-studio/jre!/java.transaction.xa" type="simple" />
            <root url="jrt:///snap/android-studio/121/android-studio/jre!/java.xml" type="simple" />
            <root url="jrt:///snap/android-studio/121/android-studio/jre!/java.xml.crypto" type="simple" />
            <root url="jrt:///snap/android-studio/121/android-studio/jre!/jdk.accessibility" type="simple" />
            <root url="jrt:///snap/android-studio/121/android-studio/jre!/jdk.aot" type="simple" />
            <root url="jrt:///snap/android-studio/121/android-studio/jre!/jdk.attach" type="simple" />
            <root url="jrt:///snap/android-studio/121/android-studio/jre!/jdk.charsets" type="simple" />
            <root url="jrt:///snap/android-studio/121/android-studio/jre!/jdk.compiler" type="simple" />
            <root url="jrt:///snap/android-studio/121/android-studio/jre!/jdk.crypto.cryptoki" type="simple" />
            <root url="jrt:///snap/android-studio/121/android-studio/jre!/jdk.crypto.ec" type="simple" />
            <root url="jrt:///snap/android-studio/121/android-studio/jre!/jdk.dynalink" type="simple" />
            <root url="jrt:///snap/android-studio/121/android-studio/jre!/jdk.hotspot.agent" type="simple" />
            <root url="jrt:///snap/android-studio/121/android-studio/jre!/jdk.httpserver" type="simple" />
            <root url="jrt:///snap/android-studio/121/android-studio/jre!/jdk.internal.ed" type="simple" />
            <root url="jrt:///snap/android-studio/121/android-studio/jre!/jdk.internal.jvmstat" type="simple" />
            <root url="jrt:///snap/android-studio/121/android-studio/jre!/jdk.internal.le" type="simple" />
            <root url="jrt:///snap/android-studio/121/android-studio/jre!/jdk.internal.opt" type="simple" />
            <root url="jrt:///snap/android-studio/121/android-studio/jre!/jdk.internal.vm.ci" type="simple" />
            <root url="jrt:///snap/android-studio/121/android-studio/jre!/jdk.internal.vm.compiler" type="simple" />
            <root url="jrt:///snap/android-studio/121/android-studio/jre!/jdk.internal.vm.compiler.management" type="simple" />
            <root url="jrt:///snap/android-studio/121/android-studio/jre!/jdk.jartool" type="simple" />
            <root url="jrt:///snap/android-studio/121/android-studio/jre!/jdk.javadoc" type="simple" />
            <root url="jrt:///snap/android-studio/121/android-studio/jre!/jdk.jdeps" type="simple" />
            <root url="jrt:///snap/android-studio/121/android-studio/jre!/jdk.jdi" type="simple" />
            <root url="jrt:///snap/android-studio/121/android-studio/jre!/jdk.jdwp.agent" type="simple" />
            <root url="jrt:///snap/android-studio/121/android-studio/jre!/jdk.jfr" type="simple" />
            <root url="jrt:///snap/android-studio/121/android-studio/jre!/jdk.jlink" type="simple" />
            <root url="jrt:///snap/android-studio/121/android-studio/jre!/jdk.jsobject" type="simple" />
            <root url="jrt:///snap/android-studio/121/android-studio/jre!/jdk.localedata" type="simple" />
            <root url="jrt:///snap/android-studio/121/android-studio/jre!/jdk.management" type="simple" />
            <root url="jrt:///snap/android-studio/121/android-studio/jre!/jdk.management.agent" type="simple" />
            <root url="jrt:///snap/android-studio/121/android-studio/jre!/jdk.management.jfr" type="simple" />
            <root url="jrt:///snap/android-studio/121/android-studio/jre!/jdk.naming.dns" type="simple" />
            <root url="jrt:///snap/android-studio/121/android-studio/jre!/jdk.naming.rmi" type="simple" />
            <root url="jrt:///snap/android-studio/121/android-studio/jre!/jdk.net" type="simple" />
            <root url="jrt:///snap/android-studio/121/android-studio/jre!/jdk.pack" type="simple" />
            <root url="jrt:///snap/android-studio/121/android-studio/jre!/jdk.scripting.nashorn" type="simple" />
            <root url="jrt:///snap/android-studio/121/android-studio/jre!/jdk.scripting.nashorn.shell" type="simple" />
            <root url="jrt:///snap/android-studio/121/android-studio/jre!/jdk.sctp" type="simple" />
            <root url="jrt:///snap/android-studio/121/android-studio/jre!/jdk.security.auth" type="simple" />
            <root url="jrt:///snap/android-studio/121/android-studio/jre!/jdk.security.jgss" type="simple" />
            <root url="jrt:///snap/android-studio/121/android-studio/jre!/jdk.unsupported" type="simple" />
            <root url="jrt:///snap/android-studio/121/android-studio/jre!/jdk.xml.dom" type="simple" />
            <root url="jrt:///snap/android-studio/121/android-studio/jre!/jdk.zipfs" type="simple" />
          </root>
        </classPath>
        <javadocPath>
          <root type="composite" />
        </javadocPath>
        <sourcePath>
          <root type="composite" />
        </sourcePath>
      </roots>
      <additional />
    </jdk>
    <jdk version="2">
      <name value="Android Studio java home" />
      <type value="JavaSDK" />
      <version value="version 11.0.12" />
      <homePath value="$APPLICATION_HOME_DIR$/jre" />
      <roots>
        <annotationsPath>
          <root type="composite">
            <root url="jar://$APPLICATION_HOME_DIR$/plugins/java/lib/jdkAnnotations.jar!/" type="simple" />
          </root>
        </annotationsPath>
        <classPath>
          <root type="composite">
            <root url="jrt:///snap/android-studio/121/android-studio/jre!/java.base" type="simple" />
            <root url="jrt:///snap/android-studio/121/android-studio/jre!/java.compiler" type="simple" />
            <root url="jrt:///snap/android-studio/121/android-studio/jre!/java.datatransfer" type="simple" />
            <root url="jrt:///snap/android-studio/121/android-studio/jre!/java.desktop" type="simple" />
            <root url="jrt:///snap/android-studio/121/android-studio/jre!/java.instrument" type="simple" />
            <root url="jrt:///snap/android-studio/121/android-studio/jre!/java.logging" type="simple" />
            <root url="jrt:///snap/android-studio/121/android-studio/jre!/java.management" type="simple" />
            <root url="jrt:///snap/android-studio/121/android-studio/jre!/java.management.rmi" type="simple" />
            <root url="jrt:///snap/android-studio/121/android-studio/jre!/java.naming" type="simple" />
            <root url="jrt:///snap/android-studio/121/android-studio/jre!/java.net.http" type="simple" />
            <root url="jrt:///snap/android-studio/121/android-studio/jre!/java.prefs" type="simple" />
            <root url="jrt:///snap/android-studio/121/android-studio/jre!/java.rmi" type="simple" />
            <root url="jrt:///snap/android-studio/121/android-studio/jre!/java.scripting" type="simple" />
            <root url="jrt:///snap/android-studio/121/android-studio/jre!/java.se" type="simple" />
            <root url="jrt:///snap/android-studio/121/android-studio/jre!/java.security.jgss" type="simple" />
            <root url="jrt:///snap/android-studio/121/android-studio/jre!/java.security.sasl" type="simple" />
            <root url="jrt:///snap/android-studio/121/android-studio/jre!/java.smartcardio" type="simple" />
            <root url="jrt:///snap/android-studio/121/android-studio/jre!/java.sql" type="simple" />
            <root url="jrt:///snap/android-studio/121/android-studio/jre!/java.sql.rowset" type="simple" />
            <root url="jrt:///snap/android-studio/121/android-studio/jre!/java.transaction.xa" type="simple" />
            <root url="jrt:///snap/android-studio/121/android-studio/jre!/java.xml" type="simple" />
            <root url="jrt:///snap/android-studio/121/android-studio/jre!/java.xml.crypto" type="simple" />
            <root url="jrt:///snap/android-studio/121/android-studio/jre!/jdk.accessibility" type="simple" />
            <root url="jrt:///snap/android-studio/121/android-studio/jre!/jdk.aot" type="simple" />
            <root url="jrt:///snap/android-studio/121/android-studio/jre!/jdk.attach" type="simple" />
            <root url="jrt:///snap/android-studio/121/android-studio/jre!/jdk.charsets" type="simple" />
            <root url="jrt:///snap/android-studio/121/android-studio/jre!/jdk.compiler" type="simple" />
            <root url="jrt:///snap/android-studio/121/android-studio/jre!/jdk.crypto.cryptoki" type="simple" />
            <root url="jrt:///snap/android-studio/121/android-studio/jre!/jdk.crypto.ec" type="simple" />
            <root url="jrt:///snap/android-studio/121/android-studio/jre!/jdk.dynalink" type="simple" />
            <root url="jrt:///snap/android-studio/121/android-studio/jre!/jdk.hotspot.agent" type="simple" />
            <root url="jrt:///snap/android-studio/121/android-studio/jre!/jdk.httpserver" type="simple" />
            <root url="jrt:///snap/android-studio/121/android-studio/jre!/jdk.internal.ed" type="simple" />
            <root url="jrt:///snap/android-studio/121/android-studio/jre!/jdk.internal.jvmstat" type="simple" />
            <root url="jrt:///snap/android-studio/121/android-studio/jre!/jdk.internal.le" type="simple" />
            <root url="jrt:///snap/android-studio/121/android-studio/jre!/jdk.internal.opt" type="simple" />
            <root url="jrt:///snap/android-studio/121/android-studio/jre!/jdk.internal.vm.ci" type="simple" />
            <root url="jrt:///snap/android-studio/121/android-studio/jre!/jdk.internal.vm.compiler" type="simple" />
            <root url="jrt:///snap/android-studio/121/android-studio/jre!/jdk.internal.vm.compiler.management" type="simple" />
            <root url="jrt:///snap/android-studio/121/android-studio/jre!/jdk.jartool" type="simple" />
            <root url="jrt:///snap/android-studio/121/android-studio/jre!/jdk.javadoc" type="simple" />
            <root url="jrt:///snap/android-studio/121/android-studio/jre!/jdk.jdeps" type="simple" />
            <root url="jrt:///snap/android-studio/121/android-studio/jre!/jdk.jdi" type="simple" />
            <root url="jrt:///snap/android-studio/121/android-studio/jre!/jdk.jdwp.agent" type="simple" />
            <root url="jrt:///snap/android-studio/121/android-studio/jre!/jdk.jfr" type="simple" />
            <root url="jrt:///snap/android-studio/121/android-studio/jre!/jdk.jlink" type="simple" />
            <root url="jrt:///snap/android-studio/121/android-studio/jre!/jdk.jsobject" type="simple" />
            <root url="jrt:///snap/android-studio/121/android-studio/jre!/jdk.localedata" type="simple" />
            <root url="jrt:///snap/android-studio/121/android-studio/jre!/jdk.management" type="simple" />
            <root url="jrt:///snap/android-studio/121/android-studio/jre!/jdk.management.agent" type="simple" />
            <root url="jrt:///snap/android-studio/121/android-studio/jre!/jdk.management.jfr" type="simple" />
            <root url="jrt:///snap/android-studio/121/android-studio/jre!/jdk.naming.dns" type="simple" />
            <root url="jrt:///snap/android-studio/121/android-studio/jre!/jdk.naming.rmi" type="simple" />
            <root url="jrt:///snap/android-studio/121/android-studio/jre!/jdk.net" type="simple" />
            <root url="jrt:///snap/android-studio/121/android-studio/jre!/jdk.pack" type="simple" />
            <root url="jrt:///snap/android-studio/121/android-studio/jre!/jdk.scripting.nashorn" type="simple" />
            <root url="jrt:///snap/android-studio/121/android-studio/jre!/jdk.scripting.nashorn.shell" type="simple" />
            <root url="jrt:///snap/android-studio/121/android-studio/jre!/jdk.sctp" type="simple" />
            <root url="jrt:///snap/android-studio/121/android-studio/jre!/jdk.security.auth" type="simple" />
            <root url="jrt:///snap/android-studio/121/android-studio/jre!/jdk.security.jgss" type="simple" />
            <root url="jrt:///snap/android-studio/121/android-studio/jre!/jdk.unsupported" type="simple" />
            <root url="jrt:///snap/android-studio/121/android-studio/jre!/jdk.xml.dom" type="simple" />
            <root url="jrt:///snap/android-studio/121/android-studio/jre!/jdk.zipfs" type="simple" />
          </root>
        </classPath>
        <javadocPath>
          <root type="composite" />
        </javadocPath>
        <sourcePath>
          <root type="composite" />
        </sourcePath>
      </roots>
      <additional />
    </jdk>
    <jdk version="2">
      <name value="Android API 31 Platform" />
      <type value="Android SDK" />
      <version value="version 11.0.10" />
      <homePath value="/D/Android/sdk_linux" />
      <roots>
        <annotationsPath>
          <root type="composite">
            <root url="jar:///D/Android/sdk_linux/platforms/android-31/data/annotations.zip!/" type="simple" />
          </root>
        </annotationsPath>
        <classPath>
          <root type="composite">
            <root url="jar:///D/Android/sdk_linux/platforms/android-31/android.jar!/" type="simple" />
            <root url="file:///D/Android/sdk_linux/platforms/android-31/data/res" type="simple" />
          </root>
        </classPath>
        <javadocPath>
          <root type="composite" />
        </javadocPath>
        <sourcePath>
          <root type="composite">
            <root url="file:///D/Android/sdk_linux/sources/android-31" type="simple" />
          </root>
        </sourcePath>
      </roots>
      <additional jdk="1.8" sdk="android-31" />
    </jdk>
    <jdk version="2">
      <name value="Android Studio default JDK" />
      <type value="JavaSDK" />
      <version value="version 11.0.12" />
      <homePath value="$APPLICATION_HOME_DIR$/jre" />
      <roots>
        <annotationsPath>
          <root type="composite">
            <root url="jar://$APPLICATION_HOME_DIR$/plugins/java/lib/jdkAnnotations.jar!/" type="simple" />
          </root>
        </annotationsPath>
        <classPath>
          <root type="composite">
            <root url="jrt:///snap/android-studio/121/android-studio/jre!/java.base" type="simple" />
            <root url="jrt:///snap/android-studio/121/android-studio/jre!/java.compiler" type="simple" />
            <root url="jrt:///snap/android-studio/121/android-studio/jre!/java.datatransfer" type="simple" />
            <root url="jrt:///snap/android-studio/121/android-studio/jre!/java.desktop" type="simple" />
            <root url="jrt:///snap/android-studio/121/android-studio/jre!/java.instrument" type="simple" />
            <root url="jrt:///snap/android-studio/121/android-studio/jre!/java.logging" type="simple" />
            <root url="jrt:///snap/android-studio/121/android-studio/jre!/java.management" type="simple" />
            <root url="jrt:///snap/android-studio/121/android-studio/jre!/java.management.rmi" type="simple" />
            <root url="jrt:///snap/android-studio/121/android-studio/jre!/java.naming" type="simple" />
            <root url="jrt:///snap/android-studio/121/android-studio/jre!/java.net.http" type="simple" />
            <root url="jrt:///snap/android-studio/121/android-studio/jre!/java.prefs" type="simple" />
            <root url="jrt:///snap/android-studio/121/android-studio/jre!/java.rmi" type="simple" />
            <root url="jrt:///snap/android-studio/121/android-studio/jre!/java.scripting" type="simple" />
            <root url="jrt:///snap/android-studio/121/android-studio/jre!/java.se" type="simple" />
            <root url="jrt:///snap/android-studio/121/android-studio/jre!/java.security.jgss" type="simple" />
            <root url="jrt:///snap/android-studio/121/android-studio/jre!/java.security.sasl" type="simple" />
            <root url="jrt:///snap/android-studio/121/android-studio/jre!/java.smartcardio" type="simple" />
            <root url="jrt:///snap/android-studio/121/android-studio/jre!/java.sql" type="simple" />
            <root url="jrt:///snap/android-studio/121/android-studio/jre!/java.sql.rowset" type="simple" />
            <root url="jrt:///snap/android-studio/121/android-studio/jre!/java.transaction.xa" type="simple" />
            <root url="jrt:///snap/android-studio/121/android-studio/jre!/java.xml" type="simple" />
            <root url="jrt:///snap/android-studio/121/android-studio/jre!/java.xml.crypto" type="simple" />
            <root url="jrt:///snap/android-studio/121/android-studio/jre!/jdk.accessibility" type="simple" />
            <root url="jrt:///snap/android-studio/121/android-studio/jre!/jdk.aot" type="simple" />
            <root url="jrt:///snap/android-studio/121/android-studio/jre!/jdk.attach" type="simple" />
            <root url="jrt:///snap/android-studio/121/android-studio/jre!/jdk.charsets" type="simple" />
            <root url="jrt:///snap/android-studio/121/android-studio/jre!/jdk.compiler" type="simple" />
            <root url="jrt:///snap/android-studio/121/android-studio/jre!/jdk.crypto.cryptoki" type="simple" />
            <root url="jrt:///snap/android-studio/121/android-studio/jre!/jdk.crypto.ec" type="simple" />
            <root url="jrt:///snap/android-studio/121/android-studio/jre!/jdk.dynalink" type="simple" />
            <root url="jrt:///snap/android-studio/121/android-studio/jre!/jdk.hotspot.agent" type="simple" />
            <root url="jrt:///snap/android-studio/121/android-studio/jre!/jdk.httpserver" type="simple" />
            <root url="jrt:///snap/android-studio/121/android-studio/jre!/jdk.internal.ed" type="simple" />
            <root url="jrt:///snap/android-studio/121/android-studio/jre!/jdk.internal.jvmstat" type="simple" />
            <root url="jrt:///snap/android-studio/121/android-studio/jre!/jdk.internal.le" type="simple" />
            <root url="jrt:///snap/android-studio/121/android-studio/jre!/jdk.internal.opt" type="simple" />
            <root url="jrt:///snap/android-studio/121/android-studio/jre!/jdk.internal.vm.ci" type="simple" />
            <root url="jrt:///snap/android-studio/121/android-studio/jre!/jdk.internal.vm.compiler" type="simple" />
            <root url="jrt:///snap/android-studio/121/android-studio/jre!/jdk.internal.vm.compiler.management" type="simple" />
            <root url="jrt:///snap/android-studio/121/android-studio/jre!/jdk.jartool" type="simple" />
            <root url="jrt:///snap/android-studio/121/android-studio/jre!/jdk.javadoc" type="simple" />
            <root url="jrt:///snap/android-studio/121/android-studio/jre!/jdk.jdeps" type="simple" />
            <root url="jrt:///snap/android-studio/121/android-studio/jre!/jdk.jdi" type="simple" />
            <root url="jrt:///snap/android-studio/121/android-studio/jre!/jdk.jdwp.agent" type="simple" />
            <root url="jrt:///snap/android-studio/121/android-studio/jre!/jdk.jfr" type="simple" />
            <root url="jrt:///snap/android-studio/121/android-studio/jre!/jdk.jlink" type="simple" />
            <root url="jrt:///snap/android-studio/121/android-studio/jre!/jdk.jsobject" type="simple" />
            <root url="jrt:///snap/android-studio/121/android-studio/jre!/jdk.localedata" type="simple" />
            <root url="jrt:///snap/android-studio/121/android-studio/jre!/jdk.management" type="simple" />
            <root url="jrt:///snap/android-studio/121/android-studio/jre!/jdk.management.agent" type="simple" />
            <root url="jrt:///snap/android-studio/121/android-studio/jre!/jdk.management.jfr" type="simple" />
            <root url="jrt:///snap/android-studio/121/android-studio/jre!/jdk.naming.dns" type="simple" />
            <root url="jrt:///snap/android-studio/121/android-studio/jre!/jdk.naming.rmi" type="simple" />
            <root url="jrt:///snap/android-studio/121/android-studio/jre!/jdk.net" type="simple" />
            <root url="jrt:///snap/android-studio/121/android-studio/jre!/jdk.pack" type="simple" />
            <root url="jrt:///snap/android-studio/121/android-studio/jre!/jdk.scripting.nashorn" type="simple" />
            <root url="jrt:///snap/android-studio/121/android-studio/jre!/jdk.scripting.nashorn.shell" type="simple" />
            <root url="jrt:///snap/android-studio/121/android-studio/jre!/jdk.sctp" type="simple" />
            <root url="jrt:///snap/android-studio/121/android-studio/jre!/jdk.security.auth" type="simple" />
            <root url="jrt:///snap/android-studio/121/android-studio/jre!/jdk.security.jgss" type="simple" />
            <root url="jrt:///snap/android-studio/121/android-studio/jre!/jdk.unsupported" type="simple" />
            <root url="jrt:///snap/android-studio/121/android-studio/jre!/jdk.xml.dom" type="simple" />
            <root url="jrt:///snap/android-studio/121/android-studio/jre!/jdk.zipfs" type="simple" />
          </root>
        </classPath>
        <javadocPath>
          <root type="composite" />
        </javadocPath>
        <sourcePath>
          <root type="composite" />
        </sourcePath>
      </roots>
      <additional />
    </jdk>
    <jdk version="2">
      <name value="Android API 30 Platform" />
      <type value="Android SDK" />
      <version value="version 11.0.10" />
      <homePath value="/D/Android/sdk_linux" />
      <roots>
        <annotationsPath>
          <root type="composite">
            <root url="jar:///D/Android/sdk_linux/platforms/android-30/data/annotations.zip!/" type="simple" />
          </root>
        </annotationsPath>
        <classPath>
          <root type="composite">
            <root url="jar:///D/Android/sdk_linux/platforms/android-30/android.jar!/" type="simple" />
            <root url="file:///D/Android/sdk_linux/platforms/android-30/data/res" type="simple" />
          </root>
        </classPath>
        <javadocPath>
          <root type="composite" />
        </javadocPath>
        <sourcePath>
          <root type="composite">
            <root url="file:///D/Android/sdk_linux/sources/android-30" type="simple" />
          </root>
        </sourcePath>
      </roots>
      <additional jdk="Android Studio default JDK" sdk="android-30" />
    </jdk>
    <jdk version="2">
      <name value="Android API 29 Platform" />
      <type value="Android SDK" />
      <version value="version 11.0.10" />
      <homePath value="/D/Android/sdk_linux" />
      <roots>
        <annotationsPath>
          <root type="composite">
            <root url="jar:///D/Android/sdk_linux/platforms/android-29/data/annotations.zip!/" type="simple" />
          </root>
        </annotationsPath>
        <classPath>
          <root type="composite">
            <root url="jar:///D/Android/sdk_linux/platforms/android-29/android.jar!/" type="simple" />
            <root url="file:///D/Android/sdk_linux/platforms/android-29/data/res" type="simple" />
          </root>
        </classPath>
        <javadocPath>
          <root type="composite" />
        </javadocPath>
        <sourcePath>
          <root type="composite">
            <root url="file:///D/Android/sdk_linux/sources/android-29" type="simple" />
          </root>
        </sourcePath>
      </roots>
      <additional jdk="Android Studio default JDK" sdk="android-29" />
    </jdk>
    <jdk version="2">
      <name value="Android API 24 Platform" />
      <type value="Android SDK" />
      <version value="version 11.0.10" />
      <homePath value="/D/Android/sdk_linux" />
      <roots>
        <annotationsPath>
          <root type="composite">
            <root url="jar://$APPLICATION_HOME_DIR$/plugins/android/resources/androidAnnotations.jar!/" type="simple" />
          </root>
        </annotationsPath>
        <classPath>
          <root type="composite">
            <root url="jar:///D/Android/sdk_linux/platforms/android-24/android.jar!/" type="simple" />
            <root url="file:///D/Android/sdk_linux/platforms/android-24/data/res" type="simple" />
          </root>
        </classPath>
        <javadocPath>
          <root type="composite" />
        </javadocPath>
        <sourcePath>
          <root type="composite">
            <root url="file:///D/Android/sdk_linux/sources/android-24" type="simple" />
          </root>
        </sourcePath>
      </roots>
      <additional jdk="Android Studio default JDK" sdk="android-24" />
    </jdk>
    <jdk version="2">
      <name value="Android API 27 Platform" />
      <type value="Android SDK" />
      <version value="version 11.0.10" />
      <homePath value="/D/Android/sdk_linux" />
      <roots>
        <annotationsPath>
          <root type="composite">
            <root url="jar://$APPLICATION_HOME_DIR$/plugins/android/resources/androidAnnotations.jar!/" type="simple" />
          </root>
        </annotationsPath>
        <classPath>
          <root type="composite">
            <root url="jar:///D/Android/sdk_linux/platforms/android-27/android.jar!/" type="simple" />
            <root url="file:///D/Android/sdk_linux/platforms/android-27/data/res" type="simple" />
          </root>
        </classPath>
        <javadocPath>
          <root type="composite" />
        </javadocPath>
        <sourcePath>
          <root type="composite">
            <root url="file:///D/Android/sdk_linux/sources/android-27" type="simple" />
          </root>
        </sourcePath>
      </roots>
      <additional jdk="Android Studio default JDK" sdk="android-27" />
    </jdk>
    <jdk version="2">
      <name value="jbr-11" />
      <type value="JavaSDK" />
      <version value="JetBrains Runtime version 11.0.13" />
      <homePath value="$USER_HOME$/.jdks/jbr-11.0.13" />
      <roots>
        <annotationsPath>
          <root type="composite">
            <root url="jar://$APPLICATION_HOME_DIR$/plugins/java/lib/jdkAnnotations.jar!/" type="simple" />
          </root>
        </annotationsPath>
        <classPath>
          <root type="composite">
            <root url="jrt:///home/lgc/.jdks/jbr-11.0.13!/gluegen.rt" type="simple" />
            <root url="jrt:///home/lgc/.jdks/jbr-11.0.13!/java.base" type="simple" />
            <root url="jrt:///home/lgc/.jdks/jbr-11.0.13!/java.compiler" type="simple" />
            <root url="jrt:///home/lgc/.jdks/jbr-11.0.13!/java.datatransfer" type="simple" />
            <root url="jrt:///home/lgc/.jdks/jbr-11.0.13!/java.desktop" type="simple" />
            <root url="jrt:///home/lgc/.jdks/jbr-11.0.13!/java.instrument" type="simple" />
            <root url="jrt:///home/lgc/.jdks/jbr-11.0.13!/java.logging" type="simple" />
            <root url="jrt:///home/lgc/.jdks/jbr-11.0.13!/java.management" type="simple" />
            <root url="jrt:///home/lgc/.jdks/jbr-11.0.13!/java.management.rmi" type="simple" />
            <root url="jrt:///home/lgc/.jdks/jbr-11.0.13!/java.naming" type="simple" />
            <root url="jrt:///home/lgc/.jdks/jbr-11.0.13!/java.net.http" type="simple" />
            <root url="jrt:///home/lgc/.jdks/jbr-11.0.13!/java.prefs" type="simple" />
            <root url="jrt:///home/lgc/.jdks/jbr-11.0.13!/java.rmi" type="simple" />
            <root url="jrt:///home/lgc/.jdks/jbr-11.0.13!/java.scripting" type="simple" />
            <root url="jrt:///home/lgc/.jdks/jbr-11.0.13!/java.se" type="simple" />
            <root url="jrt:///home/lgc/.jdks/jbr-11.0.13!/java.security.jgss" type="simple" />
            <root url="jrt:///home/lgc/.jdks/jbr-11.0.13!/java.security.sasl" type="simple" />
            <root url="jrt:///home/lgc/.jdks/jbr-11.0.13!/java.smartcardio" type="simple" />
            <root url="jrt:///home/lgc/.jdks/jbr-11.0.13!/java.sql" type="simple" />
            <root url="jrt:///home/lgc/.jdks/jbr-11.0.13!/java.sql.rowset" type="simple" />
            <root url="jrt:///home/lgc/.jdks/jbr-11.0.13!/java.transaction.xa" type="simple" />
            <root url="jrt:///home/lgc/.jdks/jbr-11.0.13!/java.xml" type="simple" />
            <root url="jrt:///home/lgc/.jdks/jbr-11.0.13!/java.xml.crypto" type="simple" />
            <root url="jrt:///home/lgc/.jdks/jbr-11.0.13!/jcef" type="simple" />
            <root url="jrt:///home/lgc/.jdks/jbr-11.0.13!/jdk.accessibility" type="simple" />
            <root url="jrt:///home/lgc/.jdks/jbr-11.0.13!/jdk.aot" type="simple" />
            <root url="jrt:///home/lgc/.jdks/jbr-11.0.13!/jdk.attach" type="simple" />
            <root url="jrt:///home/lgc/.jdks/jbr-11.0.13!/jdk.charsets" type="simple" />
            <root url="jrt:///home/lgc/.jdks/jbr-11.0.13!/jdk.compiler" type="simple" />
            <root url="jrt:///home/lgc/.jdks/jbr-11.0.13!/jdk.crypto.cryptoki" type="simple" />
            <root url="jrt:///home/lgc/.jdks/jbr-11.0.13!/jdk.crypto.ec" type="simple" />
            <root url="jrt:///home/lgc/.jdks/jbr-11.0.13!/jdk.dynalink" type="simple" />
            <root url="jrt:///home/lgc/.jdks/jbr-11.0.13!/jdk.editpad" type="simple" />
            <root url="jrt:///home/lgc/.jdks/jbr-11.0.13!/jdk.hotspot.agent" type="simple" />
            <root url="jrt:///home/lgc/.jdks/jbr-11.0.13!/jdk.httpserver" type="simple" />
            <root url="jrt:///home/lgc/.jdks/jbr-11.0.13!/jdk.internal.ed" type="simple" />
            <root url="jrt:///home/lgc/.jdks/jbr-11.0.13!/jdk.internal.jvmstat" type="simple" />
            <root url="jrt:///home/lgc/.jdks/jbr-11.0.13!/jdk.internal.le" type="simple" />
            <root url="jrt:///home/lgc/.jdks/jbr-11.0.13!/jdk.internal.opt" type="simple" />
            <root url="jrt:///home/lgc/.jdks/jbr-11.0.13!/jdk.internal.vm.ci" type="simple" />
            <root url="jrt:///home/lgc/.jdks/jbr-11.0.13!/jdk.internal.vm.compiler" type="simple" />
            <root url="jrt:///home/lgc/.jdks/jbr-11.0.13!/jdk.internal.vm.compiler.management" type="simple" />
            <root url="jrt:///home/lgc/.jdks/jbr-11.0.13!/jdk.jartool" type="simple" />
            <root url="jrt:///home/lgc/.jdks/jbr-11.0.13!/jdk.javadoc" type="simple" />
            <root url="jrt:///home/lgc/.jdks/jbr-11.0.13!/jdk.jcmd" type="simple" />
            <root url="jrt:///home/lgc/.jdks/jbr-11.0.13!/jdk.jconsole" type="simple" />
            <root url="jrt:///home/lgc/.jdks/jbr-11.0.13!/jdk.jdeps" type="simple" />
            <root url="jrt:///home/lgc/.jdks/jbr-11.0.13!/jdk.jdi" type="simple" />
            <root url="jrt:///home/lgc/.jdks/jbr-11.0.13!/jdk.jdwp.agent" type="simple" />
            <root url="jrt:///home/lgc/.jdks/jbr-11.0.13!/jdk.jfr" type="simple" />
            <root url="jrt:///home/lgc/.jdks/jbr-11.0.13!/jdk.jlink" type="simple" />
            <root url="jrt:///home/lgc/.jdks/jbr-11.0.13!/jdk.jshell" type="simple" />
            <root url="jrt:///home/lgc/.jdks/jbr-11.0.13!/jdk.jsobject" type="simple" />
            <root url="jrt:///home/lgc/.jdks/jbr-11.0.13!/jdk.jstatd" type="simple" />
            <root url="jrt:///home/lgc/.jdks/jbr-11.0.13!/jdk.localedata" type="simple" />
            <root url="jrt:///home/lgc/.jdks/jbr-11.0.13!/jdk.management" type="simple" />
            <root url="jrt:///home/lgc/.jdks/jbr-11.0.13!/jdk.management.agent" type="simple" />
            <root url="jrt:///home/lgc/.jdks/jbr-11.0.13!/jdk.management.jfr" type="simple" />
            <root url="jrt:///home/lgc/.jdks/jbr-11.0.13!/jdk.naming.dns" type="simple" />
            <root url="jrt:///home/lgc/.jdks/jbr-11.0.13!/jdk.naming.ldap" type="simple" />
            <root url="jrt:///home/lgc/.jdks/jbr-11.0.13!/jdk.naming.rmi" type="simple" />
            <root url="jrt:///home/lgc/.jdks/jbr-11.0.13!/jdk.net" type="simple" />
            <root url="jrt:///home/lgc/.jdks/jbr-11.0.13!/jdk.pack" type="simple" />
            <root url="jrt:///home/lgc/.jdks/jbr-11.0.13!/jdk.rmic" type="simple" />
            <root url="jrt:///home/lgc/.jdks/jbr-11.0.13!/jdk.scripting.nashorn" type="simple" />
            <root url="jrt:///home/lgc/.jdks/jbr-11.0.13!/jdk.scripting.nashorn.shell" type="simple" />
            <root url="jrt:///home/lgc/.jdks/jbr-11.0.13!/jdk.sctp" type="simple" />
            <root url="jrt:///home/lgc/.jdks/jbr-11.0.13!/jdk.security.auth" type="simple" />
            <root url="jrt:///home/lgc/.jdks/jbr-11.0.13!/jdk.security.jgss" type="simple" />
            <root url="jrt:///home/lgc/.jdks/jbr-11.0.13!/jdk.unsupported" type="simple" />
            <root url="jrt:///home/lgc/.jdks/jbr-11.0.13!/jdk.unsupported.desktop" type="simple" />
            <root url="jrt:///home/lgc/.jdks/jbr-11.0.13!/jdk.xml.dom" type="simple" />
            <root url="jrt:///home/lgc/.jdks/jbr-11.0.13!/jdk.zipfs" type="simple" />
            <root url="jrt:///home/lgc/.jdks/jbr-11.0.13!/jogl.all" type="simple" />
          </root>
        </classPath>
        <javadocPath>
          <root type="composite" />
        </javadocPath>
        <sourcePath>
          <root type="composite">
            <root url="jar://$USER_HOME$/.jdks/jbr-11.0.13/lib/src.zip!/jcef" type="simple" />
            <root url="jar://$USER_HOME$/.jdks/jbr-11.0.13/lib/src.zip!/java.se" type="simple" />
            <root url="jar://$USER_HOME$/.jdks/jbr-11.0.13/lib/src.zip!/jdk.aot" type="simple" />
            <root url="jar://$USER_HOME$/.jdks/jbr-11.0.13/lib/src.zip!/jdk.jdi" type="simple" />
            <root url="jar://$USER_HOME$/.jdks/jbr-11.0.13/lib/src.zip!/jdk.jfr" type="simple" />
            <root url="jar://$USER_HOME$/.jdks/jbr-11.0.13/lib/src.zip!/jdk.net" type="simple" />
            <root url="jar://$USER_HOME$/.jdks/jbr-11.0.13/lib/src.zip!/java.rmi" type="simple" />
            <root url="jar://$USER_HOME$/.jdks/jbr-11.0.13/lib/src.zip!/java.sql" type="simple" />
            <root url="jar://$USER_HOME$/.jdks/jbr-11.0.13/lib/src.zip!/java.xml" type="simple" />
            <root url="jar://$USER_HOME$/.jdks/jbr-11.0.13/lib/src.zip!/jdk.jcmd" type="simple" />
            <root url="jar://$USER_HOME$/.jdks/jbr-11.0.13/lib/src.zip!/jdk.pack" type="simple" />
            <root url="jar://$USER_HOME$/.jdks/jbr-11.0.13/lib/src.zip!/jdk.rmic" type="simple" />
            <root url="jar://$USER_HOME$/.jdks/jbr-11.0.13/lib/src.zip!/jdk.sctp" type="simple" />
            <root url="jar://$USER_HOME$/.jdks/jbr-11.0.13/lib/src.zip!/jogl.all" type="simple" />
            <root url="jar://$USER_HOME$/.jdks/jbr-11.0.13/lib/src.zip!/java.base" type="simple" />
            <root url="jar://$USER_HOME$/.jdks/jbr-11.0.13/lib/src.zip!/jdk.jdeps" type="simple" />
            <root url="jar://$USER_HOME$/.jdks/jbr-11.0.13/lib/src.zip!/jdk.jlink" type="simple" />
            <root url="jar://$USER_HOME$/.jdks/jbr-11.0.13/lib/src.zip!/jdk.zipfs" type="simple" />
            <root url="jar://$USER_HOME$/.jdks/jbr-11.0.13/lib/src.zip!/gluegen.rt" type="simple" />
            <root url="jar://$USER_HOME$/.jdks/jbr-11.0.13/lib/src.zip!/java.prefs" type="simple" />
            <root url="jar://$USER_HOME$/.jdks/jbr-11.0.13/lib/src.zip!/jdk.attach" type="simple" />
            <root url="jar://$USER_HOME$/.jdks/jbr-11.0.13/lib/src.zip!/jdk.jshell" type="simple" />
            <root url="jar://$USER_HOME$/.jdks/jbr-11.0.13/lib/src.zip!/jdk.jstatd" type="simple" />
            <root url="jar://$USER_HOME$/.jdks/jbr-11.0.13/lib/src.zip!/java.naming" type="simple" />
            <root url="jar://$USER_HOME$/.jdks/jbr-11.0.13/lib/src.zip!/jdk.editpad" type="simple" />
            <root url="jar://$USER_HOME$/.jdks/jbr-11.0.13/lib/src.zip!/jdk.jartool" type="simple" />
            <root url="jar://$USER_HOME$/.jdks/jbr-11.0.13/lib/src.zip!/jdk.javadoc" type="simple" />
            <root url="jar://$USER_HOME$/.jdks/jbr-11.0.13/lib/src.zip!/jdk.xml.dom" type="simple" />
            <root url="jar://$USER_HOME$/.jdks/jbr-11.0.13/lib/src.zip!/java.desktop" type="simple" />
            <root url="jar://$USER_HOME$/.jdks/jbr-11.0.13/lib/src.zip!/java.logging" type="simple" />
            <root url="jar://$USER_HOME$/.jdks/jbr-11.0.13/lib/src.zip!/jdk.charsets" type="simple" />
            <root url="jar://$USER_HOME$/.jdks/jbr-11.0.13/lib/src.zip!/jdk.compiler" type="simple" />
            <root url="jar://$USER_HOME$/.jdks/jbr-11.0.13/lib/src.zip!/jdk.dynalink" type="simple" />
            <root url="jar://$USER_HOME$/.jdks/jbr-11.0.13/lib/src.zip!/jdk.jconsole" type="simple" />
            <root url="jar://$USER_HOME$/.jdks/jbr-11.0.13/lib/src.zip!/jdk.jsobject" type="simple" />
            <root url="jar://$USER_HOME$/.jdks/jbr-11.0.13/lib/src.zip!/java.compiler" type="simple" />
            <root url="jar://$USER_HOME$/.jdks/jbr-11.0.13/lib/src.zip!/java.net.http" type="simple" />
            <root url="jar://$USER_HOME$/.jdks/jbr-11.0.13/lib/src.zip!/jdk.crypto.ec" type="simple" />
            <root url="jar://$USER_HOME$/.jdks/jbr-11.0.13/lib/src.zip!/java.scripting" type="simple" />
            <root url="jar://$USER_HOME$/.jdks/jbr-11.0.13/lib/src.zip!/jdk.httpserver" type="simple" />
            <root url="jar://$USER_HOME$/.jdks/jbr-11.0.13/lib/src.zip!/jdk.jdwp.agent" type="simple" />
            <root url="jar://$USER_HOME$/.jdks/jbr-11.0.13/lib/src.zip!/jdk.localedata" type="simple" />
            <root url="jar://$USER_HOME$/.jdks/jbr-11.0.13/lib/src.zip!/jdk.management" type="simple" />
            <root url="jar://$USER_HOME$/.jdks/jbr-11.0.13/lib/src.zip!/jdk.naming.dns" type="simple" />
            <root url="jar://$USER_HOME$/.jdks/jbr-11.0.13/lib/src.zip!/jdk.naming.rmi" type="simple" />
            <root url="jar://$USER_HOME$/.jdks/jbr-11.0.13/lib/src.zip!/java.instrument" type="simple" />
            <root url="jar://$USER_HOME$/.jdks/jbr-11.0.13/lib/src.zip!/java.management" type="simple" />
            <root url="jar://$USER_HOME$/.jdks/jbr-11.0.13/lib/src.zip!/java.sql.rowset" type="simple" />
            <root url="jar://$USER_HOME$/.jdks/jbr-11.0.13/lib/src.zip!/java.xml.crypto" type="simple" />
            <root url="jar://$USER_HOME$/.jdks/jbr-11.0.13/lib/src.zip!/jdk.internal.ed" type="simple" />
            <root url="jar://$USER_HOME$/.jdks/jbr-11.0.13/lib/src.zip!/jdk.internal.le" type="simple" />
            <root url="jar://$USER_HOME$/.jdks/jbr-11.0.13/lib/src.zip!/jdk.naming.ldap" type="simple" />
            <root url="jar://$USER_HOME$/.jdks/jbr-11.0.13/lib/src.zip!/jdk.unsupported" type="simple" />
            <root url="jar://$USER_HOME$/.jdks/jbr-11.0.13/lib/src.zip!/java.smartcardio" type="simple" />
            <root url="jar://$USER_HOME$/.jdks/jbr-11.0.13/lib/src.zip!/jdk.internal.opt" type="simple" />
            <root url="jar://$USER_HOME$/.jdks/jbr-11.0.13/lib/src.zip!/java.datatransfer" type="simple" />
            <root url="jar://$USER_HOME$/.jdks/jbr-11.0.13/lib/src.zip!/jdk.accessibility" type="simple" />
            <root url="jar://$USER_HOME$/.jdks/jbr-11.0.13/lib/src.zip!/jdk.hotspot.agent" type="simple" />
            <root url="jar://$USER_HOME$/.jdks/jbr-11.0.13/lib/src.zip!/jdk.security.auth" type="simple" />
            <root url="jar://$USER_HOME$/.jdks/jbr-11.0.13/lib/src.zip!/jdk.security.jgss" type="simple" />
            <root url="jar://$USER_HOME$/.jdks/jbr-11.0.13/lib/src.zip!/java.security.jgss" type="simple" />
            <root url="jar://$USER_HOME$/.jdks/jbr-11.0.13/lib/src.zip!/java.security.sasl" type="simple" />
            <root url="jar://$USER_HOME$/.jdks/jbr-11.0.13/lib/src.zip!/jdk.internal.vm.ci" type="simple" />
            <root url="jar://$USER_HOME$/.jdks/jbr-11.0.13/lib/src.zip!/jdk.management.jfr" type="simple" />
            <root url="jar://$USER_HOME$/.jdks/jbr-11.0.13/lib/src.zip!/java.management.rmi" type="simple" />
            <root url="jar://$USER_HOME$/.jdks/jbr-11.0.13/lib/src.zip!/java.transaction.xa" type="simple" />
            <root url="jar://$USER_HOME$/.jdks/jbr-11.0.13/lib/src.zip!/jdk.crypto.cryptoki" type="simple" />
            <root url="jar://$USER_HOME$/.jdks/jbr-11.0.13/lib/src.zip!/jdk.internal.jvmstat" type="simple" />
            <root url="jar://$USER_HOME$/.jdks/jbr-11.0.13/lib/src.zip!/jdk.management.agent" type="simple" />
            <root url="jar://$USER_HOME$/.jdks/jbr-11.0.13/lib/src.zip!/jdk.scripting.nashorn" type="simple" />
            <root url="jar://$USER_HOME$/.jdks/jbr-11.0.13/lib/src.zip!/jdk.unsupported.desktop" type="simple" />
            <root url="jar://$USER_HOME$/.jdks/jbr-11.0.13/lib/src.zip!/jdk.internal.vm.compiler" type="simple" />
            <root url="jar://$USER_HOME$/.jdks/jbr-11.0.13/lib/src.zip!/jdk.scripting.nashorn.shell" type="simple" />
            <root url="jar://$USER_HOME$/.jdks/jbr-11.0.13/lib/src.zip!/jdk.internal.vm.compiler.management" type="simple" />
          </root>
        </sourcePath>
      </roots>
      <additional />
    </jdk>
    <jdk version="2">
      <name value="Android API 28 Platform" />
      <type value="Android SDK" />
      <version value="version 11.0.10" />
      <homePath value="/D/Android/sdk_linux" />
      <roots>
        <annotationsPath>
          <root type="composite">
            <root url="jar:///D/Android/sdk_linux/platforms/android-28/data/annotations.zip!/" type="simple" />
          </root>
        </annotationsPath>
        <classPath>
          <root type="composite">
            <root url="jar:///D/Android/sdk_linux/platforms/android-28/android.jar!/" type="simple" />
            <root url="file:///D/Android/sdk_linux/platforms/android-28/data/res" type="simple" />
          </root>
        </classPath>
        <javadocPath>
          <root type="composite" />
        </javadocPath>
        <sourcePath>
          <root type="composite">
            <root url="file:///D/Android/sdk_linux/sources/android-28" type="simple" />
          </root>
        </sourcePath>
      </roots>
      <additional jdk="Android Studio default JDK" sdk="android-28" />
    </jdk>
    <jdk version="2">
      <name value="Android API 23 Platform" />
      <type value="Android SDK" />
      <version value="version 11.0.11" />
      <homePath value="/D/Android/sdk_linux" />
      <roots>
        <annotationsPath>
          <root type="composite">
            <root url="jar://$APPLICATION_HOME_DIR$/plugins/android/resources/androidAnnotations.jar!/" type="simple" />
          </root>
        </annotationsPath>
        <classPath>
          <root type="composite">
            <root url="jar:///D/Android/sdk_linux/platforms/android-23/android.jar!/" type="simple" />
            <root url="file:///D/Android/sdk_linux/platforms/android-23/data/res" type="simple" />
          </root>
        </classPath>
        <javadocPath>
          <root type="composite" />
        </javadocPath>
        <sourcePath>
          <root type="composite">
            <root url="file:///D/Android/sdk_linux/sources/android-23" type="simple" />
          </root>
        </sourcePath>
      </roots>
      <additional jdk="Android Studio default JDK" sdk="android-23" />
    </jdk>
    <jdk version="2">
      <name value="Android API 32 Platform" />
      <type value="Android SDK" />
      <version value="version 11.0.12" />
      <homePath value="/D/Android/sdk_linux" />
      <roots>
        <annotationsPath>
          <root type="composite">
            <root url="jar:///D/Android/sdk_linux/platforms/android-32/data/annotations.zip!/" type="simple" />
          </root>
        </annotationsPath>
        <classPath>
          <root type="composite">
            <root url="jar:///D/Android/sdk_linux/platforms/android-32/android.jar!/" type="simple" />
            <root url="file:///D/Android/sdk_linux/platforms/android-32/data/res" type="simple" />
          </root>
        </classPath>
        <javadocPath>
          <root type="composite">
            <root url="http://developer.android.com/reference/" type="simple" />
          </root>
        </javadocPath>
        <sourcePath>
          <root type="composite" />
        </sourcePath>
      </roots>
      <additional jdk="Android Studio default JDK" sdk="android-32" />
    </jdk>
  </component>
</application>