<application>
  <component name="UpdatesConfigurable">
    <ignoredBuildNumbers>
      <item value="emulator#29.3.4" />
      <item value="extras;google;google_play_services#49" />
      <item value="ndk-bundle#21.0.6113669" />
      <item value="system-images;android-21;default;x86_64#5" />
      <item value="system-images;android-23;default;x86#10" />
      <item value="system-images;android-23;default;x86_64#10" />
    </ignoredBuildNumbers>
    <option name="LAST_BUILD_CHECKED" value="AI-212.5712.43.2112.8609683" />
    <option name="LAST_TIME_CHECKED" value="1659974354774" />
    <option name="THIRD_PARTY_PLUGINS_ALLOWED" value="true" />
    <option name="UPDATE_CHANNEL_TYPE" value="release" />
  </component>
</application>