<keymap version="1" name="Windows 副本" parent="$default">
  <action id="$Redo">
    <keyboard-shortcut first-keystroke="ctrl y" />
  </action>
  <action id="CompareTwoFiles" />
  <action id="Console.TableResult.CompareCells" />
  <action id="Diff.ShowDiff" />
  <action id="Diff.ShowSettingsPopup" />
  <action id="EditorDeleteLine">
    <keyboard-shortcut first-keystroke="ctrl d" />
  </action>
  <action id="EditorDuplicate" />
  <action id="FileChooser.GotoDesktop" />
  <action id="JumpToLastChange">
    <keyboard-shortcut first-keystroke="alt left" />
  </action>
  <action id="JumpToNextChange">
    <keyboard-shortcut first-keystroke="alt right" />
  </action>
  <action id="NextTab" />
  <action id="PreviousTab" />
  <action id="RunDashboard.CopyConfiguration" />
  <action id="SendEOF" />
  <action id="Uml.ShowDiff" />
  <action id="XDebugger.CopyWatch" />
  <action id="editRunConfigurations">
    <keyboard-shortcut first-keystroke="shift ctrl d" />
  </action>
  <action id="openAssertEqualsDiff" />
  <action id="编辑器Redo">
    <keyboard-shortcut first-keystroke="ctrl y" />
  </action>
</keymap>