<application>
  <component name="FileTypeManager" version="17">
    <ignoreFiles list="*$py.class;*.hprof;*.pyc;*.pyo;*.rbc;*.yarb;*~;.DS_Store;.git;.hg;.svn;CVS;__pycache__;_svn;vssver.scc;vssver2.scc;" />
    <extensionMap>
      <mapping pattern="readme" type="PLAIN_TEXT" />
      <mapping pattern="history_opt_log" type="PLAIN_TEXT" />
      <mapping pattern="test" type="PLAIN_TEXT" />
      <mapping ext="pkl" type="PLAIN_TEXT" />
      <mapping ext="tx" type="PLAIN_TEXT" />
      <mapping ext="p" type="PLAIN_TEXT" />
      <mapping ext="desktop-9tnb8dn" type="XHTML" />
    </extensionMap>
  </component>
</application>